instrument_id,jurisdiction_id,title_official,title_en,instrument_type,enactment_date,current_status,official_url,source_verification_tier,translation_status,notes
CN-WPL,CN,野生动物保护法,Wildlife Protection Law,statute,1988-11-08,in_force,http://www.npc.gov.cn/c2/c30834/202212/t20221230_321016.html,verified,project_translation,
CN-PSAPL,CN,治安管理处罚法,Public Security Administration Punishment Law,statute,,in_force,https://www.yantian.gov.cn/YTQSF/gkmlpt/content/12/12895/post_12895355.html,verified,project_translation,
CN-CL341,CN,刑法第三百四十一条,Criminal Law Art. 341 (crimes endangering precious/endangered wildlife),statute,,in_force,,snippet,project_translation,
CN-AEPL,CN,动物防疫法,Animal Epidemic Prevention Law,statute,1997-07-03,in_force,https://amr.guizhou.gov.cn/zwgk/xxgkml/jcxxgk/zcfg/fl/202201/t20220105_72244091.html,verified,project_translation,
FR-CP521,FR,"Code pénal, art. 521-1 et seq.",Penal Code Art. 521-1 (animal cruelty offences),statute,,in_force,https://www.legifrance.gouv.fr/codes/article_lc/LEGIARTI000044394119,verified,project_translation,
FR-LOI2021,FR,Loi n° 2021-1539 du 30 novembre 2021 visant à lutter contre la maltraitance animale et conforter le lien entre les animaux et les hommes,Law No. 2021-1539 of 30 November 2021 on combating animal mistreatment,statute,2021-11-30,in_force,https://www.legifrance.gouv.fr/jorf/id/JORFTEXT000044387560,verified,project_translation,
FR-CC515,FR,"Code civil, art. 515-14",Civil Code Art. 515-14 (animal sentience),statute,2015-02-16,in_force,https://www.legifrance.gouv.fr/codes/article_lc/LEGIARTI000030250342,verified,project_translation,
DE-TSCHG,DE,Tierschutzgesetz (TierSchG),Animal Welfare Act,statute,1972-07-24,in_force,https://www.gesetze-im-internet.de/tierschg/,verified,project_translation,
CH-TSCHG,CH,"Tierschutzgesetz (TSchG) / Loi sur la protection des animaux (LPA), SR 455",Animal Welfare Act,statute,2005-12-16,in_force,"fedlex.admin.ch, SR 455 (exact URL not preserved from original fetch - see sources.csv access_note)",verified,project_translation,"CORRECTED 2026-09-15: an earlier claim of 'no confirmed statutory amendment 2015-2026' was imprecise. Four Act-level (not just ordinance-level) amendments actually occurred: AS 2016 689 (law of 2014-06-20, in force 2017-01-01, continuing-education-related); AS 2017 249 (food-law coordination, in force 2017-05-01); AS 2020 2743 (2020-06-12, Federal Customs Administration reorganization terminology, in force 2022-01-01 - this produced the 'Stand am 1 Januar 2022' text an earlier round found); and a further amendment producing a consolidated version 'Stand am 1 September 2023' (coinciding with Switzerland's total data-protection-law revision, which made omnibus consequential terminology amendments across many federal statutes). NONE of these four touch animal-welfare policy or the penalty chapter (Arts.26-31) substantively - the correction is about completeness of the amendment RECORD, not about any actual change to animal-cruelty law. No further amendment found through September 2026 (absence of evidence, not proof of absence). Separately, the Dec.2024 TSchV (ordinance, not the Act) revision on tail-docking rules (AS 2025 21, in force 2025-02-01) is ordinance-level and does not amend the TSchG itself."
KR-APA,KR,동물보호법,Animal Protection Act,statute,,in_force,https://www.law.go.kr/LSW/lsEfInfoP.do?lsiSeq=241931,verified,official_but_stale,"Original enactment year 1991 confirmed only indirectly (a commentary counting back '31 years' from the 2022 revision); exact enactment date not independently verified. Official English translation (elaw.klri.re.kr) is STALE - reflects Act No.13023 (2015), pre-revision article numbers - do not cite it for current penalties."
KR-DMPA,KR,개 식용 종식을 위한 축산법 등 특별법 (약칭: 개식용종식법),Dog Meat Phase-Out Special Act,statute,2024-02-06,in_force,,snippet,project_translation,"Passed National Assembly 2024-01-09 (208 of 210 present in favor), promulgated 2024-02-06. Precise official-gazette URL not captured this round; corroborated across multiple independent news outlets, tagged snippet not verified."
US-FED-T18S48,US-FED,18 U.S.C. § 48,Animal Crushing,statute,,in_force,https://uscode.house.gov/view.xhtml?req=(title:18+section:48+edition:prelim),verified,not_applicable,
US-FED-PACT,US-FED,"Preventing Animal Cruelty and Torture Act (PACT Act), Pub. L. 116-72",PACT Act 2019,statute,2019-11-25,in_force,govinfo.gov PLAW-116publ72,verified,not_applicable,Amends 18 U.S.C. §48 - expanded the offence from criminalizing only the FILMING/distribution of animal crushing (1999/2010 text) to criminalizing the underlying CONDUCT itself.
US-FED-AWA,US-FED,"Animal Welfare Act, 7 U.S.C. § 2131 et seq.",Animal Welfare Act,statute,1966-08-24,in_force,https://uscode.house.gov/view.xhtml?req=(title:7+section:2131+edition:prelim),verified,not_applicable,"Originally the Laboratory Animal Welfare Act, Pub.L.89-544. Amended 1970/1976/1985/2002/2007-08/2013/2018 - no single clean 'current version' date; enforcement is civil/administrative (USDA APHIS licensing), not criminal."
CA-FED-CC44547,CA-FED,"Criminal Code, R.S.C. 1985, c. C-46, Part XI, ss. 444-447.1",Criminal Code ss.444-447.1 (cruelty to animals),statute,,in_force,https://laws-lois.justice.gc.ca/eng/acts/c-46/,verified,not_applicable,"Consolidated Code; the specific ss.444-447.1 provisions were substantively shaped by amending acts dated 2008, 2018, and 2019 (see amendments.csv) rather than a single clean original enactment date for the current text."
UK-ENG-AWA2006,UK-ENG,Animal Welfare Act 2006,Animal Welfare Act 2006,statute,2006-11-08,in_force,https://www.legislation.gov.uk/ukpga/2006/45/contents,verified,not_applicable,
UK-ENG-AWSA2021,UK-ENG,Animal Welfare (Sentencing) Act 2021,Animal Welfare (Sentencing) Act 2021,statute,2021-04-29,in_force,https://www.legislation.gov.uk/ukpga/2021/21/contents,verified,not_applicable,Amends AWA 2006 s.32 penalty provisions only - does not itself create new offences.
UK-ENG-AWSCA2022,UK-ENG,Animal Welfare (Sentience) Act 2022,Animal Welfare (Sentience) Act 2022,statute,2022-04-28,in_force,https://www.legislation.gov.uk/ukpga/2022/22/contents,verified,not_applicable,"IMPORTANT SCOPE BOUNDARY: this Act establishes the Animal Sentience Committee for POLICY-SCRUTINY purposes only (covers vertebrates plus cephalopod molluscs and decapod crustaceans, s.5). It does NOT amend or extend AWA 2006's criminal-offence scope - cephalopods/decapods are NOT thereby brought within the criminal cruelty offences. No provisions rows are created under this instrument in v1 because it creates no offence or penalty of its own; see UK-ENG-AWA2006-P1 notes for the same boundary stated from the criminal-law side."
TW-APA,TW,動物保護法,Animal Protection Act,statute,1998-11-04,in_force,https://law.moj.gov.tw/LawClass/LawAll.aspx?PCode=M0060027,verified,official_current,"Full amendment history includes 16 dates (2000-2023); the 2023-07-27 entry is purely a ministry-name update (行政院農業委員會->農業部), not substantive - official English translation reflects the 2021-05-19 text, which remains substantively current. Related statute 野生動物保育法 (Wildlife Conservation Act) covers naturally-occurring wild species, distinct from APA's human-reared scope. A widely-circulated 2025-10-15 'amendment' claim (same fine figures, same legislator, same 'first in Asia' framing as the real 2017 event) is a MISDATED ECHO of 2017, not a real event - law.moj.gov.tw's amendment history confirms no amendment occurred in 2024 or 2025. A genuine draft amendment (owner-abandonment penalties, shelter/adoption changes, breeding-permit/sterilization rules, source-traceability, expanded inspector authority) was approved by the Executive Yuan 2026-01-08, pending Legislative Yuan review - NOT yet enacted."
HK-CAP169,HK,防止殘酷對待動物條例 (Cap. 169),Prevention of Cruelty to Animals Ordinance,statute,1935,in_force,,snippet,not_applicable,"Statutory text itself could NOT be directly fetched (elegislation.gov.hk is a JS single-page app returning only a loading shell) - penalty figures and reform-status facts are independently VERIFIED via directly-fetched official LegCo Q&A pages (LCQ9 2025-04-02, LCQ15 2026-02-25) and an AFCD press release, even though the underlying ordinance text itself is snippet-tier only."
MO-L42016,MO,第4/2016號法律 (動物保護法),Law No. 4/2016 (Animal Protection Law),statute,2016-07-04,in_force,,verified,project_translation,"UPGRADED 2026-09-15: primary Portuguese text (Macau's official legal language) obtained via a working proxy+mirror combination (r.jina.ai routed through bo.dsaj.gov.mo, not the still-unreachable bo.io.gov.mo) after repeated prior failures. 45 articles across 5 chapters confirmed. Art.2 defines scope; Art.3 states the general prohibition; Art.25 (criminal tier) and Art.29 (administrative tier) are now separately modeled - see provisions. No amendment to this law found since 2016 (searched, not exhaustively - treat as 'no evidence found', not a confirmed permanent absence). One narrow unresolved point: whether the statute's own text names the enforcement body 'IACM' (pre-2019 name) or 'IAM' (post-restructuring name) could not be confirmed from the fetched extract."
JP-AWMA,JP,動物の愛護及び管理に関する法律,Act on Welfare and Management of Animals,statute,1973-10-01,in_force,https://www.japaneselawtranslation.go.jp/en/laws/view/3798/en,verified,official_but_stale,"Act No.105 of 1973, originally titled 動物の保護及び管理に関する法律, renamed in the 1999 amendment. Official English translation's own version banner states 'Last Version: Act No.68 of 2005' - reflects pre-2012/pre-2019 law, do NOT cite it for current penalties. e-Gov's Japanese-language primary text (laws.e-gov.go.jp) is JS-rendered and could not be fetched as machine-readable text this round - article numbers are corroborated via the NPA's own statistical report and env.go.jp's revision pages instead."
SG-ABA,SG,Animals and Birds Act 1965 (Cap. 7),Animals and Birds Act 1965,statute,1965-10-22,in_force,https://sso.agc.gov.sg/Act/ABA1965,verified,not_applicable,"Cruelty offence sits in the PRIMARY Act (Part IV, ss.41-48), not subsidiary legislation - no 'Animals and Birds (Cruelty to Animals) Rules' exists (a commonly assumed but incorrect instrument name, checked against the full subsidiary-legislation list). Wildlife offences sit in a SEPARATE statute (Wildlife Act 1965, formerly Wild Animals and Birds Act, renamed by the 2020 Amendment Act)."
UK-SCT-AHWA2006,UK-SCT,Animal Health and Welfare (Scotland) Act 2006,Animal Health and Welfare (Scotland) Act 2006,statute,,in_force,https://www.legislation.gov.uk/asp/2006/11/contents,verified,not_applicable,"Duty-of-care + unnecessary-suffering dual structure mirrors England & Wales (AWA 2006). Also covers: ban on animals as prizes, raised minimum purchase age, and abandonment (explicitly RE-AFFIRMED as its own offence, unlike England where abandonment is only implicitly treated as a form of unnecessary suffering)."
UK-SCT-AWPPA2020,UK-SCT,"Animals and Wildlife (Penalties, Protections and Powers) (Scotland) Act 2020","Animals and Wildlife (Penalties, Protections and Powers) (Scotland) Act 2020",statute,2020-07-21,in_force,https://www.legislation.gov.uk/asp/2020/14/contents,verified,not_applicable,"CORRECTS A COMMON MISNOMER: this Act is sometimes miscited as 'Animal Welfare (Sentencing and Recognition of Sentience) (Scotland) Act 2020' - no such Act exists. This is the correct, only relevant 2020 Scottish reform instrument. No Scotland-specific equivalent of the UK Animal Welfare (Sentience) Act 2022 was found - unclear whether devolved Scottish policy has a comparable mechanism (gap, not confirmed absence)."
UK-NI-WAA2011,UK-NI,Welfare of Animals Act (Northern Ireland) 2011,Welfare of Animals Act (Northern Ireland) 2011,statute,,in_force,https://www.legislation.gov.uk/nia/2011/16/contents,verified,not_applicable,"Main provisions in operation from 2011-07-11; supersedes the Welfare of Animals Act (Northern Ireland) 1972. Structure mirrors England & Wales (s.4 unnecessary suffering, s.9 duty of care, s.14 abandonment - abandonment gets its OWN section here, unlike England). Confirmed technical amendments (not touching core offence/penalty structure, hence not modeled as amendments-table rows): Permitted Procedures by Lay Persons Regs (NI) 2012 (2012-04-02); Dog Breeding Establishments Regs (NI) 2013 (2013-04-01); Plant Health/EU Exit Regs (NI) 2020 (2020-12-31); Retained EU Law (Revocation and Reform) Act 2023 consequential regs (2024-01-01)."
EU-TFEU13,EU,"Treaty on the Functioning of the European Union, Article 13",TFEU Article 13,treaty,,in_force,,snippet,not_applicable,"Cross-cutting sentience-recognition MAINSTREAMING clause (not a self-executing offence) - applies across agriculture/fisheries/transport/internal-market/research/space policy, 'while respecting... religious rites, cultural traditions and regional heritage' of member states. Cited as the explicit template for the UK's 2022 Sentience Act. EUR-Lex direct fetch failed (empty/bot-blocked content) - text relayed via WebSearch quote only, NOT independently verified against the live page this round. No provisions rows created under this instrument - it is a policy-mainstreaming principle, not an offence."
EU-DIR9858,EU,Council Directive 98/58/EC,Council Directive 98/58/EC concerning the protection of animals kept for farming purposes,eu_directive,1998-07-20,in_force,,snippet,not_applicable,"Excludes wild animals, competition/show/cultural-event animals, experimental/lab animals, and ANY INVERTEBRATE from its farmed-animal welfare regime. Imposes a RESULT obligation on member states (ensure keepers avoid unnecessary pain/suffering/injury), leaving offence definitions/tiers/penalties to national transposition - no EU-level penalty exists. No provisions rows created under this instrument - present as a framework/harmonization layer only."
EU-AWPACKAGE,EU,EU Animal Welfare Package - Regulation on the welfare of dogs and cats and their traceability,EU dogs and cats welfare and traceability Regulation,regulation,,pending,,snippet,not_applicable,"Proposed 2023-12-07 by the Commission following a Fitness Check of existing EU animal-welfare law. STATUS AS OF SEPT 2026 GENUINELY UNCERTAIN: conflicting adoption dates across two official-source fetches - European Parliament Legislative Train page states Parliament adopted 2026-04-28/Council approved 2026-05-22; European Commission food-safety page instead states 'formally adopted and signed... in June 2026.' Both agree final/near-final adoption has been reached, awaiting Official Journal publication - DO NOT treat either specific date as authoritative without checking the EUR-Lex procedure file directly. Substantive provisions confirmed: EU-wide minimum standards for breeding establishments/pet shops/shelters; mandatory traceability/ID with a public verification website; minimum weaning age 8 weeks for puppies/kittens absent veterinary justification. A parallel Animal Transport Regulation revision remains under negotiation with no adoption date; broader on-farm welfare revisions appear deferred beyond 2027. No provisions rows created (not yet in force)."
NL-WETDIEREN,NL,Wet dieren,Animals Act,statute,2011-05-19,in_force,https://wetten.overheid.nl/BWBR0030250/,verified,not_applicable,Predecessor law Gezondheids- en welzijnswet voor dieren (1992) appears still PARTIALLY in the index (likely residual provisions pending full phase-out) - which parts remain is unconfirmed. A consolidated version effective 2025-01-01 exists but its specific amending act/content was NOT identified this round - open gap.
IT-CP544,IT,"Codice Penale, Titolo IX-bis, Articoli 544-bis - 544-septies",Penal Code Title IX-bis (crimes against animals),statute,2004-07-20,in_force,,snippet,not_applicable,"Title RENAMED by the 2025 reform (Legge 82/2025, 'legge Brambilla') from 'Dei delitti contro il sentimento per gli animali' (crimes against the sentiment for animals) to 'Dei delitti contro gli animali' (crimes against animals) [VERIFIED via direct Normattiva fetch] - repositioning animals themselves, not human sentiment, as the protected legal interest. This is the single most conceptually significant confirmed change in the 2025 reform."
IT-L822025,IT,"Legge 6 giugno 2025, n. 82",Law No. 82/2025 ('legge Brambilla'),statute,2025-06-06,in_force,"normattiva.it (act-detail page, only Article 1 surfaced via fetch)",verified,not_applicable,"First major reform of Italian animal-cruelty law in 20+ years. Published Gazzetta Ufficiale Serie Generale n.137 of 2025-06-16, in force since 2025-07-01."
ES-LEY72023,ES,"Ley 7/2023, de 28 de marzo, de protección de los derechos y el bienestar de los animales",Law 7/2023 on the protection of animal rights and welfare,statute,2023-03-28,in_force,BOE-A-2023-7936 (boe.es),verified,project_translation,A 'Corrección de errores' was later published (BOE-A-2023-9633) - content not examined this round.
ES-LO32023,ES,"Ley Orgánica 3/2023, de 28 de marzo",Organic Law 3/2023 (Penal Code reform on animal mistreatment),statute,2023-03-28,in_force,BOE-A-2023-7935 (boe.es),verified,project_translation,"CRITICAL CITATION CORRECTION: this law REPEALED Codigo Penal Art.337/337bis (the operative citation from the 2015 reform through 2023-04-17) and REPLACED them with a new Titulo XVI bis ('De los delitos contra los animales') containing four new articles: 340 bis, 340 ter, 340 quater, and 340 quinquies. A citation using 'art.337' as CURRENT is now an ERROR - 337 is the historical/superseded citation only."
AU-FED-AAWSG,AU-FED,Australian Animal Welfare Standards and Guidelines (AAWS&G),Australian Animal Welfare Standards and Guidelines,administrative_guideline,,in_force,,snippet,not_applicable,"NON-BINDING at the federal level - 'designed to be implemented in state and territory legislation,' developed by the multi-jurisdictional Animal Welfare Task Group, only legally binding once a state/territory enacts them. No provisions rows created under this instrument since it creates no enforceable federal offence. Australia has NO single federal animal-cruelty statute; welfare is constitutionally a state/territory responsibility. The Australian Animal Welfare Strategy (a 2000s national coordination framework) has effectively wound down - advisory committee disbanded, national funding withdrawn. The Export Control Act 2020 (Cth) premise (federal live-export legal basis) could NOT be verified this round - background knowledge only, not confirmed against a primary source."
AU-NSW-POCTA1979,AU-NSW,Prevention of Cruelty to Animals Act 1979 (NSW),Prevention of Cruelty to Animals Act 1979,statute,1979,in_force,legislation.nsw.gov.au (proxy-fetched structural summary),snippet,not_applicable,"AUDIT CORRECTION 2026-09-15: downgraded from verified to snippet for consistency - this row's own notes already describe proxy-fetched structural summary + secondary (animallaw.info) corroboration, not primary text. Primary statutory text obtained only as a structural summary via a text-extraction proxy (not verbatim); specific offence/penalty/scope facts are independently corroborated via animallaw.info (Michigan State University's Animal Legal & Historical Center, a secondary academic source, citation-backed but not primary text itself). Supported by the Prevention of Cruelty to Animals Regulation 2025, commenced 2025-02-01 (snippet-level). Could NOT confirm the year of the most recent amendment to the ACT ITSELF (distinct from the 2025 Regulation) - open gap."
AU-VIC-POCTA1986,AU-VIC,Prevention of Cruelty to Animals Act 1986 (Vic),Prevention of Cruelty to Animals Act 1986,statute,1986,in_force,legislation.vic.gov.au (proxy-fetched version-history page),snippet,not_applicable,"AUDIT CORRECTION 2026-09-15: downgraded from verified to snippet for consistency - this row's own notes already describe proxy-fetched structural summary + secondary (animallaw.info) corroboration, not primary text. PLANNED REPLACEMENT SHELVED: a promised replacement 'Animal Care and Protection Bill' (committed 2017, public consultation completed 2021-04-29 with 1,200+ submissions, an exposure draft promised for 2022) was confirmed by the Victorian Government on 2026-03-26 as NOT being introduced to Parliament in 2026, citing 'a crowded parliamentary agenda and reduced sitting days' - verified via two independent secondary sources. Whether the 2022 exposure draft was ever released, and what happened 2023-2025, could NOT be confirmed (agriculture.vic.gov.au status page consistently 403-blocked). BOTTOM LINE: as of Sept 2026, POCTA 1986 remains operative with no confirmed replacement timeline - 'reform stalled/shelved for 2026,' not abandoned outright and not enacted. Current compilation version 097 effective 2025-10-22 confirms at least one substantive amendment/consolidation that year; specific content not accessible this round."
NZ-AWA1999,NZ,Animal Welfare Act 1999,Animal Welfare Act 1999,statute,1999-10-14,in_force,"PDF reprint (Parliamentary Counsel Office text, as at 2007-09-03) hosted by University of Auckland Liggins Institute - see access_note",verified,not_applicable,"UPGRADED 2026-09-15: legislation.govt.nz and nzlii.org are blocked by a Cloudflare managed JavaScript challenge - confirmed via raw curl with browser-identical headers, not just WebFetch/proxy failures. This is a genuine technical wall, not a URL-pattern problem, and will keep blocking this database's automated methods until the live consolidated text can be reached some other way (e.g. a human with a real browser). What was recovered instead is a real primary-source PDF - the Parliamentary Counsel Office's own reprint 'as at 3 September 2007' - which is authentic official text but NOT the current (2026) consolidated version. Structure, definitions, and 2007-era penalty figures below are VERIFIED against this document; current (2026) penalty figures are corrections found only via secondary sources (snippet-level) describing later amendments, not independently confirmed against primary text."
NL-WVS254,NL,"Wetboek van Strafrecht, art. 254-254a",Criminal Code Arts. 254-254a (bestiality),statute,,in_force,maxius.nl mirror (wetten.overheid.nl would not render full article bodies),snippet,not_applicable,Art.254 (the sexual act itself) and Art.254a (production/distribution/possession of images depicting the act) are DISTINCT offences with DIFFERENT penalty tiers - a prior round had folded both into a single Wet dieren-attached row; this instrument separates them correctly. Neither sits in the Wet dieren (Animals Act) at all - both are Wetboek van Strafrecht (general Criminal Code) provisions.
